<?xml version="1.0" encoding="utf-8"?>
<rss version="2.0"
  xmlns:atom="http://www.w3.org/2005/Atom"
  xmlns:content="http://purl.org/rss/1.0/modules/content/">
  <channel>
    <title>睡月花儿</title>
    <link>https://blog.gagahappy.cn/</link>
    
    <image>
      <url>https://blog.gagahappy.cn/icon.png</url>
      <title>睡月花儿</title>
      <link>https://blog.gagahappy.cn/</link>
    </image>
    
    <atom:link href="https://blog.gagahappy.cn/rss2.xml" rel="self" type="application/rss+xml"/>
    
    <description>后端, 操作系统, 互联网, 程序开发, Linux, 数据库, MySql, Golang, Ruby</description>
    <pubDate>Sat, 19 Jun 2021 08:56:51 GMT</pubDate>
    <generator>http://hexo.io/</generator>
    
    <item>
      <title>790 consecutive weeks</title>
      <link>https://blog.gagahappy.cn/790-consecutive-weeks/</link>
      <guid>https://blog.gagahappy.cn/790-consecutive-weeks/</guid>
      <pubDate>Tue, 10 Nov 2020 10:07:31 GMT</pubDate>
      
        
        
          
          
      <description>&lt;p&gt;790 consecutive weeks in the APT Rankings TOP 10&lt;/p&gt;
&lt;p&gt;&lt;img src=&quot;//img.gagahappy.cn/blog/2020/11/790-consecutive-weeks.jpg_b1&quot; alt=&quot;790</description>
          
        
      
      
      
      <content:encoded><![CDATA[<p>790 consecutive weeks in the APT Rankings TOP 10</p><p><img src="//img.gagahappy.cn/blog/2020/11/790-consecutive-weeks.jpg_b1" alt="790 consecutive weeks" title="790 consecutive weeks"></p>]]></content:encoded>
      
      
      <category domain="https://blog.gagahappy.cn/categories/relax/">资娱</category>
      
      
      <category domain="https://blog.gagahappy.cn/tags/people/">人物</category>
      
      
    </item>
    
    <item>
      <title>恢复短信息</title>
      <link>https://blog.gagahappy.cn/luckily-recovered-text/</link>
      <guid>https://blog.gagahappy.cn/luckily-recovered-text/</guid>
      <pubDate>Mon, 09 Nov 2020 10:03:30 GMT</pubDate>
      
        
        
          
          
      <description>&lt;p&gt;之前总是觉得系统自动备份功就是在侵犯个人隐私，比如访问通话记录，短信之类，所以给关闭了，直到刚才通过这个功能恢复了一条误删除且有用的短信，简直庆幸这个功能又被系统默默的打开了，突然觉得这个功能简直太重要了&lt;/p&gt;
</description>
          
        
      
      
      
      <content:encoded><![CDATA[<p>之前总是觉得系统自动备份功就是在侵犯个人隐私，比如访问通话记录，短信之类，所以给关闭了，直到刚才通过这个功能恢复了一条误删除且有用的短信，简直庆幸这个功能又被系统默默的打开了，突然觉得这个功能简直太重要了</p>]]></content:encoded>
      
      
      <category domain="https://blog.gagahappy.cn/categories/journal/">日志</category>
      
      
      <category domain="https://blog.gagahappy.cn/tags/journal/">随笔</category>
      
      
    </item>
    
    <item>
      <title>清理hhkb键盘</title>
      <link>https://blog.gagahappy.cn/clean-my-hhkb/</link>
      <guid>https://blog.gagahappy.cn/clean-my-hhkb/</guid>
      <pubDate>Mon, 26 Oct 2020 09:51:45 GMT</pubDate>
      
        
        
          
          
      <description>&lt;p&gt;清理hhkb键盘，由于它的内部构造，比机械键盘要好清理100倍&lt;/p&gt;
&lt;p&gt;&lt;img src=&quot;//img.gagahappy.cn/blog/2020/10/clean-my-hhkb.jpg_b1&quot; alt=&quot;clean my hhkb&quot; title=&quot;clean</description>
          
        
      
      
      
      <content:encoded><![CDATA[<p>清理hhkb键盘，由于它的内部构造，比机械键盘要好清理100倍</p><p><img src="//img.gagahappy.cn/blog/2020/10/clean-my-hhkb.jpg_b1" alt="clean my hhkb" title="clean my hhkb"></p>]]></content:encoded>
      
      
      <category domain="https://blog.gagahappy.cn/categories/journal/">日志</category>
      
      
      <category domain="https://blog.gagahappy.cn/tags/journal/">随笔</category>
      
      
    </item>
    
    <item>
      <title>Salute to the heroes</title>
      <link>https://blog.gagahappy.cn/salute-to-the-heroes/</link>
      <guid>https://blog.gagahappy.cn/salute-to-the-heroes/</guid>
      <pubDate>Tue, 08 Sep 2020 13:31:13 GMT</pubDate>
      
        
        
          
          
      <description>&lt;p&gt;Salute to the heroes! China held a ceremony this morning in Beijing to commend role models in the country’s fight against the COVID-19</description>
          
        
      
      
      
      <content:encoded><![CDATA[<p>Salute to the heroes! China held a ceremony this morning in Beijing to commend role models in the country’s fight against the COVID-19 epidemic.</p><p>The medal of Republic was conferred on renowned respiratory disease expert Zhong Nanshan. </p><p><img src="//img.gagahappy.cn/blog/2020/09/salute-to-the-heroes.jpg_b1" alt="Salute to the heroes" title="Salute to the heroes"></p>]]></content:encoded>
      
      
      <category domain="https://blog.gagahappy.cn/categories/relax/">资娱</category>
      
      
      <category domain="https://blog.gagahappy.cn/tags/people/">人物</category>
      
      
    </item>
    
    <item>
      <title>The award of oscar</title>
      <link>https://blog.gagahappy.cn/the-award-of-oscar/</link>
      <guid>https://blog.gagahappy.cn/the-award-of-oscar/</guid>
      <pubDate>Thu, 03 Sep 2020 15:25:51 GMT</pubDate>
      
        
        
          
          
      <description>&lt;p&gt;看了一个奥斯卡的颁奖系列，发现每个颁奖人都是有口音的，比如Oscar 这个词每个人的都不一样。And the Oscar goes to Tilda Swinton.&lt;/p&gt;
&lt;p&gt;加一个自己喜欢的: And the People Choice award goes to</description>
          
        
      
      
      
      <content:encoded><![CDATA[<p>看了一个奥斯卡的颁奖系列，发现每个颁奖人都是有口音的，比如Oscar 这个词每个人的都不一样。And the Oscar goes to Tilda Swinton.</p><p>加一个自己喜欢的: And the People Choice award goes to Emma Watson</p><p><img src="//img.gagahappy.cn/blog/2020/09/the-award-of-oscar.jpg_b1" alt="The award of oscar" title="The award of oscar"></p>]]></content:encoded>
      
      
      <category domain="https://blog.gagahappy.cn/categories/journal/">日志</category>
      
      
      <category domain="https://blog.gagahappy.cn/tags/journal/">随笔</category>
      
      
    </item>
    
  </channel>
</rss>
